name;zip;age;email;taj
Wanda Atwel;2173;42;watwel0@smh.com.au;575135866
Bron Simoens;2173;52;bsimoens1@goo.gl;586451762
Lynn Riddel;2173;71;lriddel2phoca.cz;656603664
Janis Sheard;2173;35;jsheard3@mapy.cz;327158837
Dalton Dooler;2194;28;ddooler5@oaic.gov.au;386561670
Ronald Brien;2194;53;rbrien6@liveinternet.ru;544252424
Vinnie Hews;2194;66;vhews7@homestead.com;250062175
Nathanial Jurczyk;2194;62;njurczyk8@miitbeian.gov.cn;383708140
Karolina Hullins;2194;52;khullins9@ebay.co.uk;123114169
Delly Calcraft;2194;40;dcalcrafta@studiopress.com;456671249
Augustus Passman;2194;32;apassmanb@slate.com;850300172
Hilton Silk;2194;67;hsilkc@sohu.com;767318145
Herbie Durnall;2194;56;hdurnalld@usda.gov;283120121
Curran Luck;2194;53;cluckf@globo.com;613315412
Rand Creek;2194;47;rcreekg@springer.com;476515260
Haslett Wreakes;2194;47;hwreakesh@flickr.com;176623683
Emalee Drowsfield;2194;42;edrowsfieldi@51.la;526565809
Brande Mocher;2194;53;bmocherj@va.gov;546417654
Morlee Mayhow;2194;29;mmayhowk@youtube.com;386836718
Sherlocke Tuft;2194;30;stuftl@acquirethisname.com;476083822
Franz Millbank;2194;35;fmillbankm@is.gd;742064128
Mort Pattington;2194;43;mpattingtono@go.com;245801583
Stacy Hache;2194;60;shachep@earthlink.net;830546657
Martainn Di Ruggiero;2217;40;mdiq@washingtonpost.com;576874746
Ainslie Sandiland;2217;58;asandilandr@usda.gov;238305320
Karla Shelbourne;2217;62;kshelbournes@samsung.com;552471514
Charlot Pitcher;2217;35;cpitcher@tomniture.com;570412580
Kristine Little;2217;62;klittleu@stumbleupon.com;352147651
Petunia De la croix;2217;31;pdew@networksolutions.com;258038804
Waylan Kubalek;2217;52;wkubalekx@sun.com;217571777
Ilyssa Schober;2217;28;ischobery@flavors.me;584457713
Genni Werrilow;2217;59;gwerrilowz@whitehouse.gov;723662833
Arlina Glasspool;2217;47;aglasspool10@google.com.hk;873668046
Yvonne Sent;2217;49;ysent11@home.pl;845002609
